{
    "Orion": {
        "alpha": {
            "ra": 5.91952927,
            "dec": 7.407064
        }
    },
    "Ursa Major": {
        "alpha": {
            "ra": 11.0501783,
            "dec": 61.7510333
        }
    },
    "Ursa Minor": {
        "alpha": {
            "ra": 2.53030278,
            "dec": 89.2641111
        }
    },
    "Leo": {
        "alpha": {
            "ra": 10.1395278,
            "dec": 11.9672083
        }
    },
    "Crux": {
        "alpha": {
            "ra": 12.4433042,
            "dec": -63.0990929
        }
    }
}